<?xml version="1.0" encoding="UTF-8"?>
<project-private xmlns="http://www.netbeans.org/ns/project-private/1">
    <editor-bookmarks xmlns="http://www.netbeans.org/ns/editor-bookmarks/2" lastBookmarkId="0"/>
    <open-files xmlns="http://www.netbeans.org/ns/projectui-open-files/2">
        <group>
            <file>file:/C:/Users/fatim/Documents/NetBeansProjects/Escapar/src/escapar/object/OBJECT.java</file>
            <file>file:/C:/Users/fatim/Documents/NetBeansProjects/Escapar/src/escapar/handler/KeyHandler.java</file>
            <file>file:/C:/Users/fatim/Documents/NetBeansProjects/Escapar/src/escapar/main/PlaySound.java</file>
            <file>file:/C:/Users/fatim/Documents/NetBeansProjects/Escapar/src/escapar/gfx/Ground.java</file>
            <file>file:/C:/Users/fatim/Documents/NetBeansProjects/Escapar/src/escapar/main/Window.java</file>
            <file>file:/C:/Users/fatim/Documents/NetBeansProjects/Escapar/src/escapar/gfx/BackGround.java</file>
            <file>file:/C:/Users/fatim/Documents/NetBeansProjects/Escapar/src/escapar/main/Main.java</file>
            <file>file:/C:/Users/fatim/Documents/NetBeansProjects/Escapar/src/escapar/gfx/Animation.java</file>
            <file>file:/C:/Users/fatim/Documents/NetBeansProjects/Escapar/src/escapar/object/Character.java</file>
        </group>
    </open-files>
</project-private>
